{"cameraMode":{"drawMode":0,"name":"Shaded","section":"Shading Mode"},"sceneLighting":true,"audioPlay":false,"sceneViewState":{"m_AlwaysRefresh":false,"showFog":true,"showSkybox":true,"showFlares":true,"showImageEffects":true,"showParticleSystems":true,"showVisualEffectGraphs":true,"m_FxEnabled":true},"in2DMode":false,"pivot":{"x":534.7296752929688,"y":285.8389892578125,"z":-523.78857421875},"rotation":{"x":-0.0018113934202119709,"y":0.00959872268140316,"z":0.00006718873919453472,"w":-0.9998757243156433},"size":0.8660253882408142,"orthographic":false}